,,DummyClassifier,LogisticRegression,GaussianNB,DecisionTreeClassifier,RandomForestClassifier,AdaBoostClassifier,GradientBoostingClassifier,XGBClassifier
Accuracy,Train,0.967741935483871,0.9863307330100499,0.9786966758029376,0.9886104083210345,0.9886104083210345,0.9859310211539813,0.9862824161922834,0.9869412818890997
Accuracy,Test,0.967741935483871,0.9857685009487666,0.9787054606788952,0.9836952702227845,0.984116944268747,0.985329257150889,0.9854346756623796,0.9852589781432286
f1_score,Train,0.0,0.7654507084715104,0.6981202539524461,0.8026185582705335,0.8076266785369833,0.7575872247029442,0.7643552403229458,0.7772533153517645
f1_score,Test,0.0,0.7554347826086957,0.6945564516129032,0.7170731707317073,0.7322274881516587,0.7481146304675715,0.7508265704839194,0.7491778774289984
roc_auc_score,Train,0.5,0.9860045763178891,0.9791435413240278,0.9944342502581904,0.9941345880294141,0.9854533374929593,0.9852467532618429,0.9890835694476088
roc_auc_score,Test,0.5,0.9853361143941157,0.9785059916809458,0.9210058443412869,0.9497162327167612,0.9845602326503102,0.983951487477909,0.9840922710163706
